case_id,codimension,max_degree,lowbound,planned_repetitions,successful_repetitions,bad_count,cpp_external_wall_median_seconds,m2_external_wall_median_seconds,wall_speedup_m2_over_cpp,cpp_max_rss_median_kb,m2_max_rss_median_kb
c3-d120-l1,3,120,1,3,3,117,0.22215131799748633,14.204680841998197,63.94146552918009,39580.0,156380.0
c5-d45-l1,5,45,1,3,3,140,2.5424007949914085,94.23948844400002,37.06712514787366,156116.0,482264.0
c6-d32-l1,6,32,1,3,3,147,2.66095414001029,87.85834190300375,33.01760845178038,116692.0,390168.0
c7-d24-l1,7,24,1,3,3,110,1.466497679008171,46.46423264799523,31.683809195947827,54224.0,199392.0
