case_id,codimension,max_degree,lowbound,planned_repetitions,successful_repetitions,bad_count,cpp_external_wall_median_seconds,m2_external_wall_median_seconds,wall_speedup_m2_over_cpp,cpp_max_rss_median_kb,m2_max_rss_median_kb
c3-d120-l1,3,120,1,3,3,117,0.22662852100620512,13.96259305300191,61.61004356825685,39552.0,156400.0
c5-d45-l1,5,45,1,3,3,140,4.087358370001311,87.5938173399918,21.430422637485467,156100.0,482300.0
c6-d32-l1,6,32,1,3,3,147,2.7851789470005315,78.98475674400106,28.358952242211526,116656.0,398152.0
c7-d24-l1,7,24,1,3,3,110,1.3784714119974524,40.41573776501173,29.319242614141658,54220.0,199484.0
