case_id,codimension,max_degree,lowbound,planned_repetitions,successful_repetitions,bad_count,cpp_external_wall_median_seconds,m2_external_wall_median_seconds,wall_speedup_m2_over_cpp,cpp_max_rss_median_kb,m2_max_rss_median_kb
c3-d60-l1,3,60,1,5,5,56,0.03799559400067665,1.9594854059978388,51.57138498645246,7804.0,99880.0
c5-d25-l1,5,25,1,5,5,66,0.15627325300010853,4.627325610999833,29.61047730283454,9248.0,100000.0
c6-d20-l1,6,20,1,5,5,75,0.12659246199473273,4.39536853399477,34.72061815321715,8716.0,99876.0
c7-d18-l1,7,18,1,5,5,70,0.18309287799638696,4.405533238008502,24.06174006449032,7832.0,100100.0
