codim,max_degree,n,cpp_wall_sec,cpp_mem_kb,cpp_total_sec,cpp_gen_sec,cpp_test_sec,m2_wall_sec,m2_mem_kb,m2_total_sec,m2_gen_sec,m2_test_sec
5,14,2002,0.000000,4224,0.005967,0.000893,0.005074,0.540000,100224,.194968,.00390079,0.191067
5,16,4368,0.020000,4224,0.010628,0.002102,0.008526,0.630000,100224,.293293,.00715363,0.286139
6,15,5005,0.010000,4416,0.012938,0.001636,0.011302,0.950000,99152,.597653,.00913038,0.588523
5,19,11628,0.030000,4800,0.023919,0.006565,0.017354,1.180000,99644,.798032,.0182668,0.779765
6,17,12376,0.030000,4800,0.029016,0.004101,0.024915,1.520000,99636,1.10539,.0215355,1.083855
7,16,11440,0.060000,4792,0.04735,0.004683,0.042667,1.990000,99256,1.56578,.0484409,1.517339
6,20,38760,0.150000,6548,0.11404,0.015249,0.098791,4.000000,99340,3.29361,.0866944,3.206916
7,18,31824,0.140000,5972,0.124794,0.01135,0.113444,3.860000,99436,3.25165,.113297,3.138353
