codim,max_degree,n,cpp_total_sec,m2_total_sec,cpp_mem_kb,m2_mem_kb,threshold_sec
7,20,77520,0.172561,7.8566,9620,112512,300
7,24,346104,0.74344,37.0266,28244,225600,300
7,28,1184040,3.26202,142.332,101780,620160,300
7,32,3365856,13.0959,415.285,240400,1290816,300
