case_id,codimension,max_degree,lowbound,planned_repetitions,successful_repetitions,bad_count,cpp_external_wall_median_seconds,m2_external_wall_median_seconds,wall_speedup_m2_over_cpp,cpp_max_rss_median_kb,m2_max_rss_median_kb
c3-d60-l1,3,60,1,5,5,56,0.029104958011885174,1.8313301589951152,62.92158738890058,7800.0,99876.0
c5-d25-l1,5,25,1,5,5,66,0.10510714200790972,4.40803557500476,41.93849714487564,9244.0,99936.0
c6-d20-l1,6,20,1,5,5,75,0.11754067300353199,4.23292066900467,36.01239095234273,8740.0,99908.0
c7-d18-l1,7,18,1,5,5,70,0.1376338330010185,3.9258839739923133,28.52412003931665,7832.0,106316.0
